[
    {
        "new_username": "ABDUL",
        "new_password": "1234"
    },
    {
        "new_username": "zain",
        "new_password": "1234"
    },
    {
        "new_username": "majeed ",
        "new_password": "1111"
    },
    {
        "new_username": "RUMISA FATEMA",
        "new_password": "RUMI@123"
    },
    {
        "new_username": "rafe",
        "new_password": "diwana"
    },
    {
        "new_username": "fahad",
        "new_password": "fahad"
    },
    {
        "new_username": "farha",
        "new_password": "haa"
    },
    {
        "new_username": "farh",
        "new_password": "4444"
    },
    {
        "new_username": "hello ",
        "new_password": "hello"
    },
    {
        "new_username": "ABDU",
        "new_password": "123"
    },
    {
        "new_username": "MUNEEB",
        "new_password": "786"
    },
    {
        "new_username": "MJ",
        "new_password": "1234"
    }
]